file_id,person_id,file_type,original_name,old_stored_path,expected_filename,local_found,uploaded,new_stored_path,error
663b0f07-085a-46bc-8e30-a9bead40ec12,88866934-be9f-4e06-b372-ca6697230e20,id,IMG_1671.jpeg,uploads/applicants/5ec4ee00-75c9-4f58-bfa0-2fc154af79bf.jpeg,5ec4ee00-75c9-4f58-bfa0-2fc154af79bf.jpeg,NO,NO,,local file missing
2c9346dd-84d3-4bd3-8da7-27785520ba5a,88866934-be9f-4e06-b372-ca6697230e20,paystub,IMG_1670.jpeg,uploads/applicants/5ae26daa-538c-411f-baee-1c4b1129bf61.jpeg,5ae26daa-538c-411f-baee-1c4b1129bf61.jpeg,NO,NO,,local file missing
70da5ff1-05d2-4738-8089-2406d2299962,88866934-be9f-4e06-b372-ca6697230e20,w2,IMG_1672.jpeg,uploads/applicants/041d97b0-7ff1-4e49-90e1-0d9c8d1f225a.jpeg,041d97b0-7ff1-4e49-90e1-0d9c8d1f225a.jpeg,NO,NO,,local file missing
d7edc249-1036-43f4-8531-d53c8a619a6f,6d37078b-e8c4-4287-83c1-a21cb1c15644,id,ID Front.jpg,uploads/applicants/3ec61511-31c7-45a2-84b4-2d03519b605b.jpg,3ec61511-31c7-45a2-84b4-2d03519b605b.jpg,NO,NO,,local file missing
cf877720-ad36-4154-9ffe-24511e1909ed,6d37078b-e8c4-4287-83c1-a21cb1c15644,id,ID Back.jpg,uploads/applicants/4597efe5-5860-4c3f-9afd-61eb92209ad0.jpg,4597efe5-5860-4c3f-9afd-61eb92209ad0.jpg,NO,NO,,local file missing
bf0302e4-6152-4297-b96a-c72a421ff880,6d37078b-e8c4-4287-83c1-a21cb1c15644,paystub,2025 paystubs.pdf,uploads/applicants/2583ae67-b3e7-49c4-b9d8-7da181213e86.pdf,2583ae67-b3e7-49c4-b9d8-7da181213e86.pdf,NO,NO,,local file missing
5228372a-1c7d-4d8e-bfb7-1397a15bd20e,6d37078b-e8c4-4287-83c1-a21cb1c15644,paystub,2026 paystubs.pdf,uploads/applicants/8f624270-8ef8-4847-9aa3-2ce07c22c890.pdf,8f624270-8ef8-4847-9aa3-2ce07c22c890.pdf,NO,NO,,local file missing
13c51354-bd10-4f50-a1c6-2f813c0cc28f,6d37078b-e8c4-4287-83c1-a21cb1c15644,w2,2025 W2.pdf,uploads/applicants/a327eae5-d2b4-4cb5-8d21-333dae0af628.pdf,a327eae5-d2b4-4cb5-8d21-333dae0af628.pdf,NO,NO,,local file missing
e8344aba-60b4-4328-abb5-b6f2b3712a18,6d37078b-e8c4-4287-83c1-a21cb1c15644,bank,Statement_December_2025.pdf,uploads/applicants/21e27daa-a0c5-4664-a307-69fdf9047f17.pdf,21e27daa-a0c5-4664-a307-69fdf9047f17.pdf,NO,NO,,local file missing
3efb30fc-64d5-4323-883f-3536ea6032de,6d37078b-e8c4-4287-83c1-a21cb1c15644,bank,Statement_November_2025.pdf,uploads/applicants/2be06d36-cfe4-4a7c-b496-f34e9de663e8.pdf,2be06d36-cfe4-4a7c-b496-f34e9de663e8.pdf,NO,NO,,local file missing
4ddadc94-25b0-4d72-a985-498a322dcd92,6d37078b-e8c4-4287-83c1-a21cb1c15644,bank,Statement_October_2025.pdf,uploads/applicants/8c3ede6e-64bf-458c-97a4-7ed817a04134.pdf,8c3ede6e-64bf-458c-97a4-7ed817a04134.pdf,NO,NO,,local file missing
1abf988a-d23a-47d2-9995-3494b2535992,6d37078b-e8c4-4287-83c1-a21cb1c15644,bank,Statement_September_2025.pdf,uploads/applicants/c5e297aa-d554-48aa-9164-bd8c854408ca.pdf,c5e297aa-d554-48aa-9164-bd8c854408ca.pdf,NO,NO,,local file missing
af7a6f01-2288-4f9d-bda1-79479613e5f7,6d37078b-e8c4-4287-83c1-a21cb1c15644,bank,Statement_August_2025.pdf,uploads/applicants/ef6737bb-c86b-41c3-b8e1-c7d5afa81f69.pdf,ef6737bb-c86b-41c3-b8e1-c7d5afa81f69.pdf,NO,NO,,local file missing
84c42ff0-c1fe-4318-8336-14812f54e871,6d37078b-e8c4-4287-83c1-a21cb1c15644,bank,Statement_July_2025.pdf,uploads/applicants/96794c8d-ab2a-40f6-85c0-20b2e04d5002.pdf,96794c8d-ab2a-40f6-85c0-20b2e04d5002.pdf,NO,NO,,local file missing
b30e1db4-32bf-4adc-8172-067120109e30,d0d145c5-77e0-4d10-ae96-a37d44f4ee83,id,IMG_20260128_140444.jpg,uploads/applicants/67432f79-54fa-4282-873d-92b19da78b3e.jpg,67432f79-54fa-4282-873d-92b19da78b3e.jpg,NO,NO,,local file missing
af1a3851-fa56-4778-b22c-ca18ae73b459,bafd529f-8235-4edb-97e3-5d15d79418d1,id,IMG_2270.jpeg,uploads/applicants/14f294c6-7894-4e0e-8e2d-9835f2f12879.jpeg,14f294c6-7894-4e0e-8e2d-9835f2f12879.jpeg,NO,NO,,local file missing
c9960c09-a189-41b6-a7d0-af270dd93806,bafd529f-8235-4edb-97e3-5d15d79418d1,id,IMG_2271.jpeg,uploads/applicants/59ef59cd-dcbf-4c5e-b906-f7f313cf786d.jpeg,59ef59cd-dcbf-4c5e-b906-f7f313cf786d.jpeg,NO,NO,,local file missing
d3c2c205-4f00-41fe-8faf-195a70b80d6b,bafd529f-8235-4edb-97e3-5d15d79418d1,w2,bank_document_2380765743231528776.pdf,uploads/applicants/6c1157b9-8b34-48f1-8534-32a2f36e3cd1.pdf,6c1157b9-8b34-48f1-8534-32a2f36e3cd1.pdf,NO,NO,,local file missing
78a4ca29-8af4-4e66-bb69-82b5207441e5,d0d145c5-77e0-4d10-ae96-a37d44f4ee83,paystub,Messenger_creation_8C4E8098-2B08-4EC1-9FC6-99C9C66B4500.png,uploads/applicants/9bce86ba-a376-4f15-b912-1b05a2138b92.png,9bce86ba-a376-4f15-b912-1b05a2138b92.png,NO,NO,,local file missing
34fedf4c-1470-464c-97f9-9a920e466e81,d0d145c5-77e0-4d10-ae96-a37d44f4ee83,paystub,Messenger_creation_26FCEF21-2E90-4FCA-8A08-29BFAE437DD3.png,uploads/applicants/4349616c-f623-4cab-8e2a-48df111fc3da.png,4349616c-f623-4cab-8e2a-48df111fc3da.png,NO,NO,,local file missing
0484d85e-60b6-4971-a761-c51108956e66,d0d145c5-77e0-4d10-ae96-a37d44f4ee83,paystub,Messenger_creation_BD1E12CD-AB61-4974-A4B5-1DFCFCBD54CB.png,uploads/applicants/f7e80c8f-605a-4806-9fa7-00a5446e8430.png,f7e80c8f-605a-4806-9fa7-00a5446e8430.png,NO,NO,,local file missing
b51ca564-3644-4796-84af-0e39fe7bfea8,d0d145c5-77e0-4d10-ae96-a37d44f4ee83,paystub,Messenger_creation_6AF0E703-C531-4F3A-9AA5-0CAB9509AE89.png,uploads/applicants/843509bf-95e5-4f52-b79d-9b23935a7307.png,843509bf-95e5-4f52-b79d-9b23935a7307.png,NO,NO,,local file missing
2a217e48-dff4-4dec-b6f0-9ac917920974,d0d145c5-77e0-4d10-ae96-a37d44f4ee83,paystub,Messenger_creation_12E9F65C-4693-4AD1-8997-95B3AFB2EE4A.png,uploads/applicants/12659f88-a352-4cdd-86e2-41e680a5d19b.png,12659f88-a352-4cdd-86e2-41e680a5d19b.png,NO,NO,,local file missing
a18ddc91-5fb5-44c9-b952-3663bcf1ec7d,bafd529f-8235-4edb-97e3-5d15d79418d1,paystub,pay_stub_8202b4b8-f806-4900-bbb2-9ebfddd6b5d0.pdf,uploads/applicants/b015a8e8-3761-4a65-9909-6aca6aecd860.pdf,b015a8e8-3761-4a65-9909-6aca6aecd860.pdf,NO,NO,,local file missing
1a1ed823-9aac-433e-8acd-934a84461290,d0d145c5-77e0-4d10-ae96-a37d44f4ee83,paystub,Messenger_creation_C74FD6E1-DFC4-4336-8A41-50E34AF0D2B1.png,uploads/applicants/478e642f-186a-4bb6-bb99-46ef6cde1ae6.png,478e642f-186a-4bb6-bb99-46ef6cde1ae6.png,NO,NO,,local file missing
35f5b7b5-cde3-4127-b884-f771b9d276c8,d0d145c5-77e0-4d10-ae96-a37d44f4ee83,paystub,Messenger_creation_D80D319C-D32C-4FF0-A1C9-2C9353AB11F5.png,uploads/applicants/0fcdc10d-2516-421d-83ce-ceaee3605b32.png,0fcdc10d-2516-421d-83ce-ceaee3605b32.png,NO,NO,,local file missing
ea7865b1-a664-471f-b936-9abbc7be1178,d0d145c5-77e0-4d10-ae96-a37d44f4ee83,paystub,Messenger_creation_4868EBD7-1B66-472C-9A23-9F61FB3ECAD4.png,uploads/applicants/25c3aee9-db75-48f0-b40f-73d4a2d5ef2d.png,25c3aee9-db75-48f0-b40f-73d4a2d5ef2d.png,NO,NO,,local file missing
64db9074-ff23-485e-8a19-5ec2cec810e8,d0d145c5-77e0-4d10-ae96-a37d44f4ee83,paystub,Messenger_creation_2B437211-74E2-40D2-AC23-D4ABBA3BD621.png,uploads/applicants/0e4372f4-b500-4824-b0ed-3b5ff06821bd.png,0e4372f4-b500-4824-b0ed-3b5ff06821bd.png,NO,NO,,local file missing
a707b94a-3920-408e-8f4c-134ccf009fcf,d0d145c5-77e0-4d10-ae96-a37d44f4ee83,paystub,Messenger_creation_36D1FA05-5006-4FEA-9E80-E63223B84E4D.png,uploads/applicants/a4b679e8-2176-4cc1-93fb-5a07265179ba.png,a4b679e8-2176-4cc1-93fb-5a07265179ba.png,NO,NO,,local file missing
9675c380-b155-444b-b35e-e71e917142a8,d0d145c5-77e0-4d10-ae96-a37d44f4ee83,bank,Cash_App_December_2025_Account_Statement_015eca0bd318a4bb1e29d23adf4d8c2821a6e01f264aa26093f3351837a4f95c4345dea937dcdd69557b770b8c2f7eba1a24137c7dcf05971025e20dd78e46f2f01d.pdf,uploads/applicants/aa8b3ea3-5227-4bd3-b697-abc356cee4be.pdf,aa8b3ea3-5227-4bd3-b697-abc356cee4be.pdf,NO,NO,,local file missing
53560845-1e08-4a86-9055-576426fea140,d0d145c5-77e0-4d10-ae96-a37d44f4ee83,bank,Cash_App_November_2025_Account_Statement_015eca0bd35626863d4862e0a786509320a49bb493792d933e783126a8d1dd9e637ec0b24ae2cbd567002788a876a63d6920312e4cb5964318baefad3f68793d78d4.pdf,uploads/applicants/c31dbe1c-e87e-4ce5-b272-2054ebb78ce6.pdf,c31dbe1c-e87e-4ce5-b272-2054ebb78ce6.pdf,NO,NO,,local file missing
17797557-0b5d-4848-a9f1-a8648fcc3890,bafd529f-8235-4edb-97e3-5d15d79418d1,bank,statement_2025-12-06.pdf,uploads/applicants/bc9e1ee4-e47f-47aa-88c5-5a20d27013a3.pdf,bc9e1ee4-e47f-47aa-88c5-5a20d27013a3.pdf,NO,NO,,local file missing
65071711-5afb-40dd-993d-9b7617774793,7fa4e1ce-9f08-4184-a8be-1613821a628c,id,IMG_2052.jpeg,uploads/applicants/af2c52ea-91e1-4c90-9105-005a4695746b.jpeg,af2c52ea-91e1-4c90-9105-005a4695746b.jpeg,NO,NO,,local file missing
d8b19b42-a41d-46eb-abdc-fc75304c34d2,d0d145c5-77e0-4d10-ae96-a37d44f4ee83,bank,Cash_App_October_2025_Account_Statement_015eca0bd3d00c0d304de0e3ddce48db63aef4975722efe033096fa4dcfe9a59d1a4af5c1628fc1d71484f48442d652c144746f57dcc37df40d888080123208ba8d1.pdf,uploads/applicants/a70224c4-ccfd-40c2-886c-8eef8c6604aa.pdf,a70224c4-ccfd-40c2-886c-8eef8c6604aa.pdf,NO,NO,,local file missing
9f94649d-df95-450b-a924-ac27477e8469,bafd529f-8235-4edb-97e3-5d15d79418d1,bank,statement_2025-11-11.pdf,uploads/applicants/9572637d-f314-4241-bf8c-54fab6d4d7ff.pdf,9572637d-f314-4241-bf8c-54fab6d4d7ff.pdf,NO,NO,,local file missing
c4581cbf-ed8e-45f5-977f-449cd56e4305,d0d145c5-77e0-4d10-ae96-a37d44f4ee83,additional,PAUL CHAPDELAINE RENTAL APPLICATION.pdf,uploads/applicants/268a3a40-1b7f-4c2e-bf97-a8b6e2aa8a68.pdf,268a3a40-1b7f-4c2e-bf97-a8b6e2aa8a68.pdf,NO,NO,,local file missing
356efe2b-8b29-4622-a96f-cb3a0795a8ca,bafd529f-8235-4edb-97e3-5d15d79418d1,employment_letter,H.Rainey Employment verification letter.pdf,uploads/applicants/e008047a-c822-4449-b94c-eb87b8d23c73.pdf,e008047a-c822-4449-b94c-eb87b8d23c73.pdf,NO,NO,,local file missing
4bdf0b45-c912-41d4-b322-1da6910bc640,5186568f-5a4a-4be5-9175-9a7a9ca1018a,id,TW ID.jpg,uploads/applicants/3f7c3a34-4251-41e0-8acf-ce5338528ab3.jpg,3f7c3a34-4251-41e0-8acf-ce5338528ab3.jpg,NO,NO,,local file missing
9f555df2-b06f-4add-b461-d0b3f54c05d8,5186568f-5a4a-4be5-9175-9a7a9ca1018a,bank,statement_2025-12-10 (1).pdf,uploads/applicants/284f4755-7be2-4823-9f30-1bb44cdf569d.pdf,284f4755-7be2-4823-9f30-1bb44cdf569d.pdf,NO,NO,,local file missing
01d666cd-ff1f-495e-9f55-bb2523957f5f,5186568f-5a4a-4be5-9175-9a7a9ca1018a,paystub,Payslip_to_Print_-_Report_Design_01_31_2026 (1).pdf,uploads/applicants/063aaa31-43d7-46ca-a38a-d1510c31ede4.pdf,063aaa31-43d7-46ca-a38a-d1510c31ede4.pdf,NO,NO,,local file missing
5122dde0-cd19-4b3d-9899-e49c84240f8d,1a345723-c12e-4ead-9d84-c1ce25ed43c2,id,17699155340965402931294273992718.jpg,uploads/applicants/bccc51e5-729d-4a9e-9ac9-59a09b943c3c.jpg,bccc51e5-729d-4a9e-9ac9-59a09b943c3c.jpg,NO,NO,,local file missing
b982b9a1-9d77-4cf9-bc8f-115b66eab228,1a345723-c12e-4ead-9d84-c1ce25ed43c2,paystub,17699155889526543633988779268782.jpg,uploads/applicants/8f0ea9c7-e6b9-4f24-9025-87aea9e87e3a.jpg,8f0ea9c7-e6b9-4f24-9025-87aea9e87e3a.jpg,NO,NO,,local file missing
87b0b534-8c0d-44a9-9d83-3c3d00672a53,1a345723-c12e-4ead-9d84-c1ce25ed43c2,bank,1769915817489210964083498321847.jpg,uploads/applicants/f4ff1031-a02e-49fd-86c6-fb734ca7b7f5.jpg,f4ff1031-a02e-49fd-86c6-fb734ca7b7f5.jpg,NO,NO,,local file missing
a0049b07-ac0a-403b-a13c-79f7681a9e2d,fe173711-4667-4716-bdef-fd372909c807,id,image.jpg,uploads/applicants/6c1d30f5-fa57-4821-b813-9e43a38d2266.jpg,6c1d30f5-fa57-4821-b813-9e43a38d2266.jpg,NO,NO,,local file missing
83fe4a2c-10df-42ab-a5db-da2e61ec24c6,fe173711-4667-4716-bdef-fd372909c807,bank,IMG_7645.jpeg,uploads/applicants/351aa729-1c3e-46b3-93d4-ec6392e0c545.jpeg,351aa729-1c3e-46b3-93d4-ec6392e0c545.jpeg,NO,NO,,local file missing
269430cc-e218-476d-8f1a-3e18bff3c7f7,fe173711-4667-4716-bdef-fd372909c807,bank,IMG_7646.jpeg,uploads/applicants/2fe82a7d-8f49-483f-9f37-25c076584fb8.jpeg,2fe82a7d-8f49-483f-9f37-25c076584fb8.jpeg,NO,NO,,local file missing
ebffa93f-6a71-4fe6-8f42-60e4c3324ebb,fe173711-4667-4716-bdef-fd372909c807,paystub,IMG_7648.png,uploads/applicants/623b84f2-10fa-4ffd-ad6c-d39f37ec0e82.png,623b84f2-10fa-4ffd-ad6c-d39f37ec0e82.png,NO,NO,,local file missing
228baacb-c168-4322-aeb6-2f7fac0406d6,fe173711-4667-4716-bdef-fd372909c807,paystub,IMG_7647.png,uploads/applicants/1577f2c4-1360-4775-9815-625f30cf2016.png,1577f2c4-1360-4775-9815-625f30cf2016.png,NO,NO,,local file missing
8238e91c-c4fc-44d7-83fc-2f616795780a,5f13961d-541b-46d1-affa-b35f2121cd0f,id,IMG_2052.jpeg,uploads/applicants/07b091cc-ea60-4c7e-8a21-b8056864aa7f.jpeg,07b091cc-ea60-4c7e-8a21-b8056864aa7f.jpeg,NO,NO,,local file missing
5eb506e2-ccfa-4602-a2e4-5775b5ea705a,5f13961d-541b-46d1-affa-b35f2121cd0f,bank,IMG_2060.png,uploads/applicants/5177cd2e-7f50-4d17-aa27-4da55dccea82.png,5177cd2e-7f50-4d17-aa27-4da55dccea82.png,NO,NO,,local file missing
014eb9e6-e9a7-4796-a978-aa9d6afbd9fc,5f13961d-541b-46d1-affa-b35f2121cd0f,bank,IMG_2059.png,uploads/applicants/57702371-613b-4810-b700-289cb8aafa01.png,57702371-613b-4810-b700-289cb8aafa01.png,NO,NO,,local file missing
f66b9d10-202a-4661-a494-2a569fc33954,5f13961d-541b-46d1-affa-b35f2121cd0f,bank,IMG_2058.png,uploads/applicants/76d8cc8d-6ce2-43a5-93bc-18bae850a561.png,76d8cc8d-6ce2-43a5-93bc-18bae850a561.png,NO,NO,,local file missing
954cbf01-fa3c-470e-a3ec-991921c434da,5f13961d-541b-46d1-affa-b35f2121cd0f,bank,IMG_2057.png,uploads/applicants/2aa9b4d4-549c-4344-ae2b-df83a4d61ab4.png,2aa9b4d4-549c-4344-ae2b-df83a4d61ab4.png,NO,NO,,local file missing
fffdc3ba-f3d0-4f81-9cd0-37e94609fc28,5f13961d-541b-46d1-affa-b35f2121cd0f,paystub,IMG_2061.png,uploads/applicants/fdb11931-1ed7-4028-90d2-745359d4cd5d.png,fdb11931-1ed7-4028-90d2-745359d4cd5d.png,NO,NO,,local file missing
91235120-86d3-49ca-bbb3-a60856bf195b,e7ab221f-fc28-412e-89ae-43c4a23e967a,id,front ID.PNG,uploads/applicants/3a417bce-136c-45f5-8b2a-7e1cd20b98e8.png,3a417bce-136c-45f5-8b2a-7e1cd20b98e8.png,NO,NO,,local file missing
45ea2406-db4e-45db-bc68-19d10fda7a24,e7ab221f-fc28-412e-89ae-43c4a23e967a,id,back of ID.PNG,uploads/applicants/138e46fc-5d1f-4988-b2aa-6c2b5f563b8d.png,138e46fc-5d1f-4988-b2aa-6c2b5f563b8d.png,NO,NO,,local file missing
68a2b8a3-2352-42eb-8cf5-7ee93f5c361d,e7ab221f-fc28-412e-89ae-43c4a23e967a,employment_letter,Proof - Allisha Muhr.pdf,uploads/applicants/ece06326-cce6-40aa-b20d-d6e101249bcf.pdf,ece06326-cce6-40aa-b20d-d6e101249bcf.pdf,NO,NO,,local file missing
6caa0295-23ef-4133-a061-2564eab400a0,e7ab221f-fc28-412e-89ae-43c4a23e967a,additional,ALLISHA MUHR-IncomeVerification (2).pdf,uploads/applicants/b7b7284e-8c05-48c5-8752-b7cfbec5b160.pdf,b7b7284e-8c05-48c5-8752-b7cfbec5b160.pdf,NO,NO,,local file missing
e5eb0c87-fce2-4ab6-ad6b-910579c8aafb,9c09ae9b-727b-4d7a-8e01-1e2f38e10fea,id,IMG_20260129_212754604.jpg,uploads/applicants/732c79d4-fcca-4059-a156-326b5e7f6ad1.jpg,732c79d4-fcca-4059-a156-326b5e7f6ad1.jpg,NO,NO,,local file missing
5d495fd5-284c-4180-b6ad-16471a05eb8b,9c09ae9b-727b-4d7a-8e01-1e2f38e10fea,id,IMG_20260129_212807155.jpg,uploads/applicants/7d289960-fd56-4009-b7bc-eb3762e73884.jpg,7d289960-fd56-4009-b7bc-eb3762e73884.jpg,NO,NO,,local file missing
ca436055-7d6f-4fb9-a6b3-e755a46fc280,9c09ae9b-727b-4d7a-8e01-1e2f38e10fea,paystub,"NICHOLS, EMILY (4).pdf",uploads/applicants/f8be5c16-f595-40c0-b5d1-a3978c877dd3.pdf,f8be5c16-f595-40c0-b5d1-a3978c877dd3.pdf,NO,NO,,local file missing
99b19cb3-126b-4d4c-9b28-c03447885403,7bb78b9e-e3c9-419b-8bfa-154808be0e4b,id,230.jpg,uploads/applicants/f4716bfc-f5b3-4fc2-8984-97c288c976fb.jpg,f4716bfc-f5b3-4fc2-8984-97c288c976fb.jpg,NO,NO,,local file missing
e0dd929f-12e2-4db8-a2b7-bca266440a2f,7bb78b9e-e3c9-419b-8bfa-154808be0e4b,paystub,231.jpg,uploads/applicants/4d187b4a-86c5-4187-80aa-a3fd6957cbb7.jpg,4d187b4a-86c5-4187-80aa-a3fd6957cbb7.jpg,NO,NO,,local file missing
837c06a2-3771-457b-9936-6ed0815617bc,7bb78b9e-e3c9-419b-8bfa-154808be0e4b,paystub,233.jpg,uploads/applicants/e56ca8bb-fddb-469b-94c0-8bbd097337bc.jpg,e56ca8bb-fddb-469b-94c0-8bbd097337bc.jpg,NO,NO,,local file missing
7908c7f8-e66f-46f6-a577-58f4afcd5cb3,b2c781ee-1a3e-4c7e-80fc-50efbc13fb06,id,image.jpg,uploads/applicants/9ceb0db5-eec4-4bb3-a803-e06789a6adc5.jpg,9ceb0db5-eec4-4bb3-a803-e06789a6adc5.jpg,NO,NO,,local file missing
589886c4-20ba-4da1-9fa1-9478b66cacc0,b2c781ee-1a3e-4c7e-80fc-50efbc13fb06,paystub,IMG_7647.png,uploads/applicants/150e3582-4a1e-4e96-8c9e-7813635a5e41.png,150e3582-4a1e-4e96-8c9e-7813635a5e41.png,NO,NO,,local file missing
a7933330-cb6a-4f48-b8ad-c05e8b2e1ff4,b2c781ee-1a3e-4c7e-80fc-50efbc13fb06,paystub,IMG_7648.png,uploads/applicants/420a93c0-da0f-4ef1-8b54-169b42f218f0.png,420a93c0-da0f-4ef1-8b54-169b42f218f0.png,NO,NO,,local file missing
ced0ad52-0e9d-4fb9-8fe1-f8a48da9b846,b2c781ee-1a3e-4c7e-80fc-50efbc13fb06,bank,IMG_7645.png,uploads/applicants/f2383563-ff35-4262-a023-4073014585f9.png,f2383563-ff35-4262-a023-4073014585f9.png,NO,NO,,local file missing
38decf1a-1f70-4bfa-a431-f2e5c80f0c10,b2c781ee-1a3e-4c7e-80fc-50efbc13fb06,bank,IMG_7646.png,uploads/applicants/97a44775-9805-405c-9cfc-c13e609bc047.png,97a44775-9805-405c-9cfc-c13e609bc047.png,NO,NO,,local file missing
cc81b01b-0b12-4ff9-8506-95f3385aa07e,7fa4e1ce-9f08-4184-a8be-1613821a628c,paystub,IMG_2061.png,uploads/applicants/e820dbe3-7cd1-4f27-a736-08e98b35ba5e.png,e820dbe3-7cd1-4f27-a736-08e98b35ba5e.png,NO,NO,,local file missing
9cfdc528-b7ee-41d8-b868-f96c89c66ec2,7fa4e1ce-9f08-4184-a8be-1613821a628c,bank,IMG_2060.png,uploads/applicants/2e067305-6da2-4f3d-aa79-59d4dfa1bf14.png,2e067305-6da2-4f3d-aa79-59d4dfa1bf14.png,NO,NO,,local file missing
47a346e0-6d32-4c00-b14b-655ed0ad584b,7fa4e1ce-9f08-4184-a8be-1613821a628c,bank,IMG_2059.png,uploads/applicants/8c67aa79-4224-4add-bc76-f3fb6962db2a.png,8c67aa79-4224-4add-bc76-f3fb6962db2a.png,NO,NO,,local file missing
5d21be20-0804-4ed2-a149-e83bee0d25ef,7fa4e1ce-9f08-4184-a8be-1613821a628c,bank,IMG_2058.png,uploads/applicants/a3828604-dc22-4dd1-b482-6faeb0f8e76c.png,a3828604-dc22-4dd1-b482-6faeb0f8e76c.png,NO,NO,,local file missing
63f276ae-d183-4255-9daa-2011a01b30d7,7fa4e1ce-9f08-4184-a8be-1613821a628c,bank,IMG_2057.png,uploads/applicants/a1faf2e5-6b10-44e1-9165-997997b0c856.png,a1faf2e5-6b10-44e1-9165-997997b0c856.png,NO,NO,,local file missing
0026a389-e2da-4d23-a296-b57c7877fd1d,e7ab221f-fc28-412e-89ae-43c4a23e967a,w2,tax5.jpg,uploads/applicants/ea3fda4f-fefb-41a8-8247-18a71148ad98.jpg,ea3fda4f-fefb-41a8-8247-18a71148ad98.jpg,NO,NO,,local file missing
eb99511a-39b4-4f11-8cb0-9208efdadaef,e7ab221f-fc28-412e-89ae-43c4a23e967a,w2,tax4.jpg,uploads/applicants/9c546645-7ac3-4cff-b034-c7aa67a2fd2e.jpg,9c546645-7ac3-4cff-b034-c7aa67a2fd2e.jpg,NO,NO,,local file missing
88f4d17e-33cf-4958-959a-1ba87cba7683,e7ab221f-fc28-412e-89ae-43c4a23e967a,w2,tax3.jpg,uploads/applicants/87231b08-7a8f-4051-b8ee-2bb0aab8b9a0.jpg,87231b08-7a8f-4051-b8ee-2bb0aab8b9a0.jpg,NO,NO,,local file missing
ee5083f0-fb14-4b68-87b4-544fa1a85594,e7ab221f-fc28-412e-89ae-43c4a23e967a,w2,tax2.jpg,uploads/applicants/61fbcafd-9633-48ab-b387-e4a4ca914315.jpg,61fbcafd-9633-48ab-b387-e4a4ca914315.jpg,NO,NO,,local file missing
62425f5a-63ad-4376-85e8-8c48ac12868b,e7ab221f-fc28-412e-89ae-43c4a23e967a,w2,tax1.jpg,uploads/applicants/d6c92e2c-a2d4-4d36-bc8c-321fbce93d19.jpg,d6c92e2c-a2d4-4d36-bc8c-321fbce93d19.jpg,NO,NO,,local file missing
3b03ba8e-a674-4076-a341-bd1df9e79672,e7ab221f-fc28-412e-89ae-43c4a23e967a,paystub,Proof - Allisha Muhr.pdf,uploads/applicants/8c8b2e83-6edf-453d-b93d-70a1396bb246.pdf,8c8b2e83-6edf-453d-b93d-70a1396bb246.pdf,NO,NO,,local file missing
e267cada-b123-4020-b1f8-36199298910b,e7ab221f-fc28-412e-89ae-43c4a23e967a,bank,ALLISHA MUHR-IncomeVerification (2).pdf,uploads/applicants/1a78cdea-d5df-45c6-ba85-2b18cbed470e.pdf,1a78cdea-d5df-45c6-ba85-2b18cbed470e.pdf,NO,NO,,local file missing
df567ced-a809-4fad-b5f9-5ec47d6cc852,bf0fcf03-77b8-4ce7-8a00-ff41fd4852e8,w2,IMG_6666.png,uploads/applicants/71e020a9-08ad-4aaa-a2f9-f00758b22f62.png,71e020a9-08ad-4aaa-a2f9-f00758b22f62.png,NO,NO,,local file missing
8a15e260-5a31-429f-ae48-fb17ec98c0e8,75132c26-41ce-423a-93a2-a370cee42915,id,image.jpg,uploads/applicants/fb080fb9-5175-473c-b6ef-2c740988ba09.jpg,fb080fb9-5175-473c-b6ef-2c740988ba09.jpg,NO,NO,,local file missing
8d4b5da3-3e68-4289-9a6e-3fbafc5a72ce,bf0fcf03-77b8-4ce7-8a00-ff41fd4852e8,id,IMG_6854.png,uploads/applicants/66c6b9ca-a5fb-4898-8edc-422c26657ddc.png,66c6b9ca-a5fb-4898-8edc-422c26657ddc.png,NO,NO,,local file missing
70853ee5-1046-43ad-ab40-a8e29960244c,bf0fcf03-77b8-4ce7-8a00-ff41fd4852e8,paystub,image.jpg,uploads/applicants/a881ac85-cfa4-4457-a05f-077f2ba4fd86.jpg,a881ac85-cfa4-4457-a05f-077f2ba4fd86.jpg,NO,NO,,local file missing
d63a7e31-f6f4-4bbe-b48b-f1911ff21f2b,bf0fcf03-77b8-4ce7-8a00-ff41fd4852e8,bank,IMG_6666.png,uploads/applicants/3fa4ffa9-6668-43f8-8e26-47124fcf5555.png,3fa4ffa9-6668-43f8-8e26-47124fcf5555.png,NO,NO,,local file missing
12d74934-346d-491b-9de8-e25a729214f7,bf0fcf03-77b8-4ce7-8a00-ff41fd4852e8,pet_doc,IMG_6757.jpeg,uploads/applicants/730b230c-d8bd-4638-8180-2b1430133b5d.jpeg,730b230c-d8bd-4638-8180-2b1430133b5d.jpeg,NO,NO,,local file missing
7bb03ba3-4045-4a42-a052-de9c0af8aaff,bf0fcf03-77b8-4ce7-8a00-ff41fd4852e8,rental_history,IMG_6856.png,uploads/applicants/5ba397b6-2b0d-4820-bff2-778a3b2c6eb3.png,5ba397b6-2b0d-4820-bff2-778a3b2c6eb3.png,NO,NO,,local file missing
39e98d11-572c-4e88-9384-302784d392c9,75132c26-41ce-423a-93a2-a370cee42915,paystub,image.jpg,uploads/applicants/81452411-f744-4be0-b557-b7cbe3fb0dc6.jpg,81452411-f744-4be0-b557-b7cbe3fb0dc6.jpg,NO,NO,,local file missing
0a1b8d11-4e02-4c11-99e5-d99061cf7326,75132c26-41ce-423a-93a2-a370cee42915,bank,IMG_0827.png,uploads/applicants/b9f68ce9-9e5a-4373-bd99-1f4571ad575f.png,b9f68ce9-9e5a-4373-bd99-1f4571ad575f.png,NO,NO,,local file missing
bb3b5f42-c049-4d39-9a4d-1d068f4b18e5,e7ab221f-fc28-412e-89ae-43c4a23e967a,additional,supporting document.jpg,uploads/applicants/3eff279f-2573-4d2f-ad31-b967ea0f98b7.jpg,3eff279f-2573-4d2f-ad31-b967ea0f98b7.jpg,NO,NO,,local file missing
f6040ff5-2950-431c-806d-e2ab1dc3274a,b28cbc60-bb25-4325-9add-be51c2f12aa9,id,Ted Sr ID.jpeg,uploads/applicants/d43bc7ea-cc52-4784-9699-fe032a6361aa.jpeg,d43bc7ea-cc52-4784-9699-fe032a6361aa.jpeg,NO,NO,,local file missing
95c08889-6bbf-4214-8331-54ed61b5e02a,b28cbc60-bb25-4325-9add-be51c2f12aa9,paystub,theodore-worthington-sr-payment-2026-01-30.pdf,uploads/applicants/08432384-789a-4cdf-a8de-cc80be13700d.pdf,08432384-789a-4cdf-a8de-cc80be13700d.pdf,NO,NO,,local file missing
f0603edd-3e10-4f9b-b368-aedf5f764439,b28cbc60-bb25-4325-9add-be51c2f12aa9,bank,Statement (11).pdf,uploads/applicants/14c7ad0f-95a7-430f-ba4d-2110f28aa5c9.pdf,14c7ad0f-95a7-430f-ba4d-2110f28aa5c9.pdf,NO,NO,,local file missing
9005a63d-1c39-41bb-b7e1-85954f2aeee6,b28cbc60-bb25-4325-9add-be51c2f12aa9,additional,Benefit Verification Letter.pdf,uploads/applicants/cf84d3ff-269f-400e-a475-fa65cdfb44c0.pdf,cf84d3ff-269f-400e-a475-fa65cdfb44c0.pdf,NO,NO,,local file missing
05975a5f-ba4d-4cee-8f16-3e949ace59b2,b28cbc60-bb25-4325-9add-be51c2f12aa9,additional,benefit-verification-letter.pdf,uploads/applicants/2eb069ae-a020-4320-b656-82784c5daf5c.pdf,2eb069ae-a020-4320-b656-82784c5daf5c.pdf,NO,NO,,local file missing
3b0b75be-c0d2-41af-92c7-b1680d887dce,7bb78b9e-e3c9-419b-8bfa-154808be0e4b,bank,SALINAZ DEC STATEMENT.pdf,uploads/applicants/bd5b3b89-ac60-4803-bd83-795333f48364.pdf,bd5b3b89-ac60-4803-bd83-795333f48364.pdf,NO,NO,,local file missing
9063766a-9fcd-4820-af28-f373b5b4fdc6,7bb78b9e-e3c9-419b-8bfa-154808be0e4b,bank,SALINAZ JAN STATEMENT.pdf,uploads/applicants/7d3d507d-4ea4-4a7b-b589-ad7fd07cc320.pdf,7d3d507d-4ea4-4a7b-b589-ad7fd07cc320.pdf,NO,NO,,local file missing
407af2b3-a0a7-4b39-860f-7924c0a070ae,aa62c24e-4fbb-41e3-978f-01350bac1b1a,id,IMG_3002.jpeg,uploads/applicants/c43e098e-ec63-4afa-8cd1-88ee36e16a5d.jpeg,c43e098e-ec63-4afa-8cd1-88ee36e16a5d.jpeg,NO,NO,,local file missing
49142bc1-5477-4e89-bfcf-826ee9755b0d,aa62c24e-4fbb-41e3-978f-01350bac1b1a,bank,statement_2025-12-09.pdf,uploads/applicants/30346cb3-f2b9-4f5a-af91-04d9c41614b1.pdf,30346cb3-f2b9-4f5a-af91-04d9c41614b1.pdf,NO,NO,,local file missing
feebd079-981e-49b6-a016-484ea8a1b474,aa62c24e-4fbb-41e3-978f-01350bac1b1a,bank,statement_2025-11-13.pdf,uploads/applicants/575bb488-9112-4195-90e4-2b012f1645ee.pdf,575bb488-9112-4195-90e4-2b012f1645ee.pdf,NO,NO,,local file missing
63cdbfd1-b9f6-4ca9-aab1-877ebae2adbf,aa62c24e-4fbb-41e3-978f-01350bac1b1a,paystub,Screenshot 2026-02-06 at 6.01.11â¯PM.png,uploads/applicants/a50fffda-9182-45f7-99e0-30d6b2bada94.png,a50fffda-9182-45f7-99e0-30d6b2bada94.png,NO,NO,,local file missing
aae753a0-4c44-4a46-8d28-ecd852b5aefd,aa62c24e-4fbb-41e3-978f-01350bac1b1a,paystub,Screenshot 2026-02-06 at 6.02.11â¯PM.png,uploads/applicants/5e547297-f532-4785-a5ca-b3cbe08a411f.png,5e547297-f532-4785-a5ca-b3cbe08a411f.png,NO,NO,,local file missing
a98ac6b8-ae91-4bb2-bd09-d47abd70a946,77dcaa82-2c39-48e9-bad6-2ad6a814ab8b,id,idjrabb.jpg,uploads/applicants/d925fec8-87ef-4645-9c98-ee84fca81435.jpg,d925fec8-87ef-4645-9c98-ee84fca81435.jpg,NO,NO,,local file missing
aa890d19-4781-4010-bfe1-1172dc023b1c,77dcaa82-2c39-48e9-bad6-2ad6a814ab8b,paystub,Jrabb check stub.pdf,uploads/applicants/b99bef36-287b-4e03-b8a1-ad78789d6c67.pdf,b99bef36-287b-4e03-b8a1-ad78789d6c67.pdf,NO,NO,,local file missing
ba793661-1805-46a2-bd2b-4cdb50f26367,77dcaa82-2c39-48e9-bad6-2ad6a814ab8b,bank,statement Jrabb.pdf,uploads/applicants/a10c7253-afb7-4c88-8219-d923b7f51db4.pdf,a10c7253-afb7-4c88-8219-d923b7f51db4.pdf,NO,NO,,local file missing
a6672478-f101-4e55-b8d2-409376066140,2a596bbb-7ba6-4d41-bdbd-cab26a977e4c,id,IMG_20260207_173742896_HDR (1).jpg,uploads/applicants/6011d622-6d0a-406e-a951-fe57eb35991e.jpg,6011d622-6d0a-406e-a951-fe57eb35991e.jpg,NO,NO,,local file missing
ffa0cdf4-46bf-49f8-bf6e-cd6e160d9aea,2a596bbb-7ba6-4d41-bdbd-cab26a977e4c,bank,bank statement.pdf,uploads/applicants/99758e63-6eb9-42e0-9824-b4a9596f0485.pdf,99758e63-6eb9-42e0-9824-b4a9596f0485.pdf,NO,NO,,local file missing
2d2341de-89db-4142-984a-a7bcd718dbe2,2a596bbb-7ba6-4d41-bdbd-cab26a977e4c,paystub,IMG_20260207_181633974 (1).jpg,uploads/applicants/e273299b-660d-4933-8365-aefc1460d673.jpg,e273299b-660d-4933-8365-aefc1460d673.jpg,NO,NO,,local file missing
4b9c40b8-127d-4f29-a2ee-51f5aaf01bcd,efdb4df9-798d-4462-984f-1179c4e596eb,id,image.jpg,uploads/applicants/c839d59d-e7eb-4ca0-84ad-bef125f44c00.jpg,c839d59d-e7eb-4ca0-84ad-bef125f44c00.jpg,NO,NO,,local file missing
b6c53bd3-4bb7-4a8e-bc24-6a05c20fa179,efdb4df9-798d-4462-984f-1179c4e596eb,id,image.jpg,uploads/applicants/0a1ae943-f52f-4340-ba42-2d5cf7bf1a85.jpg,0a1ae943-f52f-4340-ba42-2d5cf7bf1a85.jpg,NO,NO,,local file missing
b22f3df9-3d30-41d2-bbfe-ff073643ef12,efdb4df9-798d-4462-984f-1179c4e596eb,paystub,VOLUNTEERS%20OF%20AMERICA%20MICHIGAN%20INC.%20Regular%2011_28_2025%204613%20Regular.pdf,uploads/applicants/05d25667-f287-4f2a-8949-814e95e92668.pdf,05d25667-f287-4f2a-8949-814e95e92668.pdf,NO,NO,,local file missing
7ef7fc3d-8dcb-4ec7-be42-169494e561ef,efdb4df9-798d-4462-984f-1179c4e596eb,paystub,VOLUNTEERS%20OF%20AMERICA%20MICHIGAN%20INC.%20Regular%2010_03_2025%204613%20Regular.pdf,uploads/applicants/6715945d-f251-4147-90cb-f47eaa17854f.pdf,6715945d-f251-4147-90cb-f47eaa17854f.pdf,NO,NO,,local file missing
729f35a8-aeb4-4ab8-9a8b-30a2b9e127ac,efdb4df9-798d-4462-984f-1179c4e596eb,paystub,VOLUNTEERS%20OF%20AMERICA%20MICHIGAN%20INC.%20Regular%2011_14_2025%204613%20Regular.pdf,uploads/applicants/7ffceca8-d360-4520-84ff-f87169a5d9cc.pdf,7ffceca8-d360-4520-84ff-f87169a5d9cc.pdf,NO,NO,,local file missing
20111b8a-4f65-41d6-867e-053415209ae3,efdb4df9-798d-4462-984f-1179c4e596eb,paystub,VOLUNTEERS%20OF%20AMERICA%20MICHIGAN%20INC.%20Regular%2012_26_2025%204613%20Regular.pdf,uploads/applicants/4e5ff00c-a120-408d-a784-51e918f5528d.pdf,4e5ff00c-a120-408d-a784-51e918f5528d.pdf,NO,NO,,local file missing
9746affc-4aaa-4bf7-a8ab-ed809410f594,efdb4df9-798d-4462-984f-1179c4e596eb,paystub,VOLUNTEERS%20OF%20AMERICA%20MICHIGAN%20INC.%20Regular%2010_17_2025%204613%20Regular.pdf,uploads/applicants/a39612c2-bd87-4954-bbe5-b251da37a51c.pdf,a39612c2-bd87-4954-bbe5-b251da37a51c.pdf,NO,NO,,local file missing
cf3d701c-cdcb-4958-bc6f-25873122d004,efdb4df9-798d-4462-984f-1179c4e596eb,paystub,VOLUNTEERS%20OF%20AMERICA%20MICHIGAN%20INC.%20Regular%2012_12_2025%204613%20Regular.pdf,uploads/applicants/8120a8e5-a9ef-48a2-a1ff-9e93e9d53644.pdf,8120a8e5-a9ef-48a2-a1ff-9e93e9d53644.pdf,NO,NO,,local file missing
ec14d3a0-c361-457e-86d3-4aa20826da68,efdb4df9-798d-4462-984f-1179c4e596eb,paystub,VOLUNTEERS%20OF%20AMERICA%20MICHIGAN%20INC.%20Regular%2010_31_2025%204613%20Regular.pdf,uploads/applicants/85b3e389-662b-4c10-9f53-eca1693a62d3.pdf,85b3e389-662b-4c10-9f53-eca1693a62d3.pdf,NO,NO,,local file missing
f1a66d6a-c296-46bd-8ee9-6aed43d04e5d,efdb4df9-798d-4462-984f-1179c4e596eb,paystub,VOLUNTEERS%20OF%20AMERICA%20MICHIGAN%20INC.%20Regular%2002_06_2026%204613%20Regular.pdf,uploads/applicants/592cf26a-7a8d-4fda-9980-d75769c20566.pdf,592cf26a-7a8d-4fda-9980-d75769c20566.pdf,NO,NO,,local file missing
5a75f227-7a09-446f-9cf8-aa8ad6dc0545,efdb4df9-798d-4462-984f-1179c4e596eb,paystub,VOLUNTEERS%20OF%20AMERICA%20MICHIGAN%20INC.%20Regular%2011_14_2025%204613%20Gross%20Up.pdf,uploads/applicants/b2eb21f0-f0a1-4ffe-a707-8924a4521e47.pdf,b2eb21f0-f0a1-4ffe-a707-8924a4521e47.pdf,NO,NO,,local file missing
42293bb3-04f7-41c0-a421-2db0b9554e1f,efdb4df9-798d-4462-984f-1179c4e596eb,paystub,VOLUNTEERS%20OF%20AMERICA%20MICHIGAN%20INC.%20Regular%2001_23_2026%204613%20Regular.pdf,uploads/applicants/f771a387-7804-4224-8264-65b3ce7062bf.pdf,f771a387-7804-4224-8264-65b3ce7062bf.pdf,NO,NO,,local file missing
c6f12a0d-ef78-4efd-a151-258932618e7e,efdb4df9-798d-4462-984f-1179c4e596eb,w2,W2.pdf,uploads/applicants/6b060947-cb8b-445f-b08e-aa8f4f6e52bc.pdf,6b060947-cb8b-445f-b08e-aa8f4f6e52bc.pdf,NO,NO,,local file missing
28fb8513-7518-4191-a5f3-c4c6556638eb,efdb4df9-798d-4462-984f-1179c4e596eb,bank,Screenshot 2026-02-08 at 3.02.13â¯PM.png,uploads/applicants/563d17e9-6e90-4c75-aad4-1652a8b0bf90.png,563d17e9-6e90-4c75-aad4-1652a8b0bf90.png,NO,NO,,local file missing
d03764e5-1215-4c8c-afb3-8659dcac9e7d,efdb4df9-798d-4462-984f-1179c4e596eb,bank,Screenshot 2026-02-08 at 3.02.46â¯PM.png,uploads/applicants/236d7a81-8ca9-4722-a10c-522792599096.png,236d7a81-8ca9-4722-a10c-522792599096.png,NO,NO,,local file missing
9dcd94c2-c360-4169-807c-901e7e0f5aec,efdb4df9-798d-4462-984f-1179c4e596eb,bank,Screenshot 2026-02-08 at 3.03.10â¯PM.png,uploads/applicants/ac27069a-ffd5-4bf1-b8a8-bc00e16c5af4.png,ac27069a-ffd5-4bf1-b8a8-bc00e16c5af4.png,NO,NO,,local file missing
d867b01d-888f-42a0-8b66-52525d9f2ef1,efdb4df9-798d-4462-984f-1179c4e596eb,bank,Screenshot 2026-02-08 at 3.05.57â¯PM.png,uploads/applicants/6b41440b-ae43-47e8-85fc-9d23dceddd7c.png,6b41440b-ae43-47e8-85fc-9d23dceddd7c.png,NO,NO,,local file missing
0afb7543-c1fa-4b45-94e2-aa1f12e03156,efdb4df9-798d-4462-984f-1179c4e596eb,bank,Screenshot 2026-02-08 at 3.06.31â¯PM.png,uploads/applicants/3fa1dc63-d3b1-411b-b412-1567d45f0c74.png,3fa1dc63-d3b1-411b-b412-1567d45f0c74.png,NO,NO,,local file missing
c3bbe1fc-c4a5-48f7-aebe-6a3202832e95,efdb4df9-798d-4462-984f-1179c4e596eb,bank,Screenshot 2026-02-08 at 3.05.12â¯PM.png,uploads/applicants/c1cfd842-6811-417e-961a-73774ef3412c.png,c1cfd842-6811-417e-961a-73774ef3412c.png,NO,NO,,local file missing
63ce0fa9-ffb3-4f6b-ab88-500ac698f4f8,efdb4df9-798d-4462-984f-1179c4e596eb,bank,Screenshot 2026-02-08 at 3.03.58â¯PM.png,uploads/applicants/555747fc-9ad6-4044-9c00-f09a3f0c4241.png,555747fc-9ad6-4044-9c00-f09a3f0c4241.png,NO,NO,,local file missing
3a85d653-2007-49a1-8028-5fbd73505e95,40ee4bd7-9c3c-4498-a8df-02b1835cbdb6,id,20260206_092053.jpg,uploads/applicants/d8287b52-8b74-422c-806d-130e06ec5a47.jpg,d8287b52-8b74-422c-806d-130e06ec5a47.jpg,NO,NO,,local file missing
420f5207-d204-48a6-a49a-ce16f6d279fe,40ee4bd7-9c3c-4498-a8df-02b1835cbdb6,id,20260206_092059.jpg,uploads/applicants/96c9f97d-2fb4-43b1-a91f-269d0ff42223.jpg,96c9f97d-2fb4-43b1-a91f-269d0ff42223.jpg,NO,NO,,local file missing
2c5cadab-d1ee-4ddd-9359-46d81d3c4b6a,40ee4bd7-9c3c-4498-a8df-02b1835cbdb6,paystub,20260211_210930.jpg,uploads/applicants/e299abf8-7275-4278-9b39-195332ab5e2e.jpg,e299abf8-7275-4278-9b39-195332ab5e2e.jpg,NO,NO,,local file missing
aeff7606-430c-4018-9f01-04b93d287970,40ee4bd7-9c3c-4498-a8df-02b1835cbdb6,bank,Screenshot_20260211_210217_OneDrive.jpg,uploads/applicants/a8db864c-5a6b-4541-abd0-01ff03a79ae3.jpg,a8db864c-5a6b-4541-abd0-01ff03a79ae3.jpg,NO,NO,,local file missing
e736ddb1-3e65-44c6-8709-53b1151873f1,40ee4bd7-9c3c-4498-a8df-02b1835cbdb6,bank,Screenshot_20260211_210217_OneDrive.jpg,uploads/applicants/c125b91e-0aff-4534-9630-a428f76ae104.jpg,c125b91e-0aff-4534-9630-a428f76ae104.jpg,NO,NO,,local file missing
5444c546-7da8-47a1-b8f2-ed887211828d,40ee4bd7-9c3c-4498-a8df-02b1835cbdb6,bank,Screenshot_20260211_210139_OneDrive.jpg,uploads/applicants/e6d19b76-d012-4167-8637-3781736d3fb5.jpg,e6d19b76-d012-4167-8637-3781736d3fb5.jpg,NO,NO,,local file missing
a4efeccc-25b8-4688-b1ed-58833a9b7f43,174cc064-6636-4410-809b-f799caa55903,id,IMG_4212.jpeg,uploads/applicants/cac70b01-395c-4087-b475-1facdbae78cc.jpeg,cac70b01-395c-4087-b475-1facdbae78cc.jpeg,NO,NO,,local file missing
e7d7ba0a-78c5-4faf-8fb4-934e0403f5de,174cc064-6636-4410-809b-f799caa55903,paystub,IMG_4215.png,uploads/applicants/518e70ce-e980-4b86-996c-f89a83a1971c.png,518e70ce-e980-4b86-996c-f89a83a1971c.png,NO,NO,,local file missing
2a0cbe1f-ff14-4a84-83f7-86e8fe3642e7,174cc064-6636-4410-809b-f799caa55903,paystub,IMG_4216.png,uploads/applicants/28d5f304-ddfc-4f2c-8a0d-59e2c0427c85.png,28d5f304-ddfc-4f2c-8a0d-59e2c0427c85.png,NO,NO,,local file missing
a839c50f-b097-4da7-92a8-3a08437cc009,174cc064-6636-4410-809b-f799caa55903,paystub,IMG_4217.png,uploads/applicants/09aebac5-89b7-47a3-ae9a-2194639c2798.png,09aebac5-89b7-47a3-ae9a-2194639c2798.png,NO,NO,,local file missing
deb44fb7-c0c9-48c7-8ab8-da0ac7e8f76e,174cc064-6636-4410-809b-f799caa55903,bank,f9350e08-bcb7-1019-aef2-91213f4a7922.pdf,uploads/applicants/b75d6230-de98-4772-87aa-9dff1acfe55a.pdf,b75d6230-de98-4772-87aa-9dff1acfe55a.pdf,NO,NO,,local file missing
21582c19-7b21-412d-8ad3-b89447f1c0b3,174cc064-6636-4410-809b-f799caa55903,bank,f0f9f750-b2bb-1019-84bb-17e20d1c7471.pdf,uploads/applicants/24ea263b-bab1-439f-a404-0fb7eb9b94ef.pdf,24ea263b-bab1-439f-a404-0fb7eb9b94ef.pdf,NO,NO,,local file missing
f494a9b0-a6b1-4ea6-9ea7-22248f52e42b,5b556e4e-800c-4f7a-a6e9-f8b4a18a9dbb,id,17709288170575029239447131951077.jpg,uploads/applicants/72ccc9de-1af3-4374-827a-609d472a6697.jpg,72ccc9de-1af3-4374-827a-609d472a6697.jpg,NO,NO,,local file missing
e56041ab-f97b-4899-91af-29ba93419e3d,5b556e4e-800c-4f7a-a6e9-f8b4a18a9dbb,w2,0YX600YX79A1BA20250101W2ReportW2Report001.pdf,uploads/applicants/d3e8eff6-6871-49ca-89a8-7341c6aebbcb.pdf,d3e8eff6-6871-49ca-89a8-7341c6aebbcb.pdf,NO,NO,,local file missing
35e17679-ad31-4dbd-a025-edf19f84e864,5b556e4e-800c-4f7a-a6e9-f8b4a18a9dbb,bank,7.pdf,uploads/applicants/592dd0af-1ba7-4dc1-861c-953875473ed2.pdf,592dd0af-1ba7-4dc1-861c-953875473ed2.pdf,NO,NO,,local file missing
9723be3a-32d5-4db4-bae5-5a80d9cc06d2,5b556e4e-800c-4f7a-a6e9-f8b4a18a9dbb,paystub,0YX600YX79A1BA20250101W2ReportW2Report001-1.pdf,uploads/applicants/bc04b494-e794-4660-b612-d3d7c4132f82.pdf,bc04b494-e794-4660-b612-d3d7c4132f82.pdf,NO,NO,,local file missing
0a1279c8-2f69-489f-b717-90ee0e18fee4,fc9f737d-b810-478e-912f-478708733526,id,20260210_183208.jpg,uploads/applicants/9f8c82e0-77f3-4772-8eb7-7163f6132c4e.jpg,9f8c82e0-77f3-4772-8eb7-7163f6132c4e.jpg,NO,NO,,local file missing
d59015dd-ce1b-4dbc-a93b-d791965f9737,fc9f737d-b810-478e-912f-478708733526,paystub,Screenshot_20260212_175142_Chrome.jpg,uploads/applicants/fe9c6a94-39ab-419f-ba47-7db64ac78a1d.jpg,fe9c6a94-39ab-419f-ba47-7db64ac78a1d.jpg,NO,NO,,local file missing
c5fd36bc-5821-4b76-8bda-51d2bae439f9,fc9f737d-b810-478e-912f-478708733526,paystub,Screenshot_20260212_180400_Chrome.jpg,uploads/applicants/07cfc4db-1fc6-4a10-9211-9604cac25466.jpg,07cfc4db-1fc6-4a10-9211-9604cac25466.jpg,NO,NO,,local file missing
b2774879-d896-46b2-b36f-e05806e7be21,fc9f737d-b810-478e-912f-478708733526,paystub,Screenshot_20260212_180418_Chrome.jpg,uploads/applicants/980df78d-5951-4e62-85de-9c307fa0ce06.jpg,980df78d-5951-4e62-85de-9c307fa0ce06.jpg,NO,NO,,local file missing
44169ee3-c67e-4ef7-9364-6bcf86dd2917,fc9f737d-b810-478e-912f-478708733526,paystub,Screenshot_20260212_180436_Chrome.jpg,uploads/applicants/ac176764-b357-4028-af60-130d64fc970f.jpg,ac176764-b357-4028-af60-130d64fc970f.jpg,NO,NO,,local file missing
20286196-a327-486c-bd97-17c8f85470dc,fc9f737d-b810-478e-912f-478708733526,paystub,Screenshot_20260212_181905_Drive.jpg,uploads/applicants/8765b25d-feee-4d76-ab44-3e1ef9f6364c.jpg,8765b25d-feee-4d76-ab44-3e1ef9f6364c.jpg,NO,NO,,local file missing
7aa85beb-3637-45be-9e21-3faf447e8296,fc9f737d-b810-478e-912f-478708733526,paystub,Screenshot_20260212_181937_Drive.jpg,uploads/applicants/2b44d008-5993-443d-a53a-9b4957b55847.jpg,2b44d008-5993-443d-a53a-9b4957b55847.jpg,NO,NO,,local file missing
79f7f387-c755-445d-8eda-49e84081fdf7,fc9f737d-b810-478e-912f-478708733526,paystub,Screenshot_20260212_182002_Drive.jpg,uploads/applicants/bf3507b9-3c40-417b-ada8-c911067bcaa3.jpg,bf3507b9-3c40-417b-ada8-c911067bcaa3.jpg,NO,NO,,local file missing
9e5446f7-afec-40b5-8f82-ce52ca149610,fc9f737d-b810-478e-912f-478708733526,paystub,Screenshot_20260212_175515_Chrome.jpg,uploads/applicants/f94fd381-18af-4870-962c-c239a43b1c12.jpg,f94fd381-18af-4870-962c-c239a43b1c12.jpg,NO,NO,,local file missing
bd816b48-9aa1-49b3-9868-4ed63094e66b,fc9f737d-b810-478e-912f-478708733526,paystub,Screenshot_20260212_180641_Dasher.jpg,uploads/applicants/9b8dee83-ea4c-430e-b747-a9bf994a6c57.jpg,9b8dee83-ea4c-430e-b747-a9bf994a6c57.jpg,NO,NO,,local file missing
6fafc91e-e059-4aba-9219-0d0bf214b37a,fc9f737d-b810-478e-912f-478708733526,paystub,Screenshot_20260212_180654_Dasher.jpg,uploads/applicants/5ff89a34-13e8-4d3a-9856-49d9a66c7b8e.jpg,5ff89a34-13e8-4d3a-9856-49d9a66c7b8e.jpg,NO,NO,,local file missing
77835396-e5d3-44f7-aff0-6abbe32589f4,fc9f737d-b810-478e-912f-478708733526,paystub,Screenshot_20260212_180701_Dasher.jpg,uploads/applicants/9f9fe43b-210f-44da-9a61-ee07fc8e58a5.jpg,9f9fe43b-210f-44da-9a61-ee07fc8e58a5.jpg,NO,NO,,local file missing
f9676430-0d2a-4544-93eb-b705c2fad540,fc9f737d-b810-478e-912f-478708733526,paystub,Screenshot_20260212_181803_Drive.jpg,uploads/applicants/e282eab7-f575-4854-9338-68610033aad3.jpg,e282eab7-f575-4854-9338-68610033aad3.jpg,NO,NO,,local file missing
3b551212-8ab1-4bbc-993a-4217c19196c8,fc9f737d-b810-478e-912f-478708733526,paystub,Screenshot_20260212_181842_Drive.jpg,uploads/applicants/a8c53534-3d93-48ca-a9a9-3067b2f662b0.jpg,a8c53534-3d93-48ca-a9a9-3067b2f662b0.jpg,NO,NO,,local file missing
ce4a0a64-0d76-4f16-b124-a4b9c8f23efc,fc9f737d-b810-478e-912f-478708733526,employment_letter,Screenshot_20260212_185418_randstad at work - worker.jpg,uploads/applicants/bafdb821-81cf-4a58-bef4-c5805f9671ac.jpg,bafdb821-81cf-4a58-bef4-c5805f9671ac.jpg,NO,NO,,local file missing
2e765dae-7723-4d68-8f94-28e20650505e,fc9f737d-b810-478e-912f-478708733526,employment_letter,Screenshot_20260212_185229_randstad at work - worker.jpg,uploads/applicants/fcaeb915-89b9-4137-b3f9-477ab4261c62.jpg,fcaeb915-89b9-4137-b3f9-477ab4261c62.jpg,NO,NO,,local file missing
411ed21b-d7a5-4c92-8cca-89e4294d9b4a,fc9f737d-b810-478e-912f-478708733526,bank,Screenshot_20260212_175142_Chrome.jpg,uploads/applicants/58e4ec26-759d-44cf-9482-8f231fbf6e77.jpg,58e4ec26-759d-44cf-9482-8f231fbf6e77.jpg,NO,NO,,local file missing
06ff25f1-477f-4722-b169-3ecd0e00a1b4,fc9f737d-b810-478e-912f-478708733526,bank,Screenshot_20260212_180701_Dasher.jpg,uploads/applicants/e43d1136-41cd-40f1-82de-2ba12c4f4056.jpg,e43d1136-41cd-40f1-82de-2ba12c4f4056.jpg,NO,NO,,local file missing
5f2e1d7f-c3a7-4e60-bfa7-c8ec83ed1b0c,fc9f737d-b810-478e-912f-478708733526,bank,Screenshot_20260212_181905_Drive.jpg,uploads/applicants/f5f6caca-efae-4d8a-b117-833a11357960.jpg,f5f6caca-efae-4d8a-b117-833a11357960.jpg,NO,NO,,local file missing
dc2e7503-2d88-43f2-b14d-c0fde9605cc7,fc9f737d-b810-478e-912f-478708733526,bank,Screenshot_20260212_181937_Drive.jpg,uploads/applicants/8aa9faff-01c2-47d5-a922-f9dac82d458a.jpg,8aa9faff-01c2-47d5-a922-f9dac82d458a.jpg,NO,NO,,local file missing
a684448e-0b51-46b0-b635-273c41c5a20d,fc9f737d-b810-478e-912f-478708733526,bank,Screenshot_20260212_182002_Drive.jpg,uploads/applicants/04ae5b2b-c1e2-493f-8024-0b6687983c37.jpg,04ae5b2b-c1e2-493f-8024-0b6687983c37.jpg,NO,NO,,local file missing
8cb21274-0ce6-48c5-9a67-d57bab16682d,fc9f737d-b810-478e-912f-478708733526,bank,Screenshot_20260212_175515_Chrome.jpg,uploads/applicants/a8fd9fbe-a9fc-4705-8c61-97c12621be62.jpg,a8fd9fbe-a9fc-4705-8c61-97c12621be62.jpg,NO,NO,,local file missing
e79ee06d-4e4b-4e4f-a792-8c05e102bb4f,fc9f737d-b810-478e-912f-478708733526,bank,Screenshot_20260212_181803_Drive.jpg,uploads/applicants/53888fc9-71f0-4c5a-9efa-a4616f8843ef.jpg,53888fc9-71f0-4c5a-9efa-a4616f8843ef.jpg,NO,NO,,local file missing
03566a98-0518-4cf8-82ea-f49cd8018d06,fc9f737d-b810-478e-912f-478708733526,bank,Screenshot_20260212_181842_Drive.jpg,uploads/applicants/c74bb0f3-cd5f-468a-9ce7-6230c46ce88a.jpg,c74bb0f3-cd5f-468a-9ce7-6230c46ce88a.jpg,NO,NO,,local file missing